{
  "source": "/mnt/project/foundation_model/eval_finetune_data/experimental/zhiyuan_data_01/pick_trash_lerobot",
  "n_episodes": 157,
  "selected_episode": "episode_000072.parquet",
  "init_pose": [
0.4000813663005829,
1.1000080108642578,
0.6999626159667969,
0.000023968450477696024,
0.000011984225238848012,

-0.000011984225238848012,
0.4936062693595886,

1.7999353408813477,
-1.5000895261764526,
-0.5500038266181946,
-2.299988031387329,
0,
-0.0000733038250473328,
-0.00009599310578778386,
0.1,

-1.8000314235687256,
1.50004243850708,
0.5499323010444641,
2.299891710281372,
0.00004886921669822186,
-0.00004712388545158319,
0.00002443460834911093,
0.1
  ],
  "stats": {
    "leg": {
      "mean": [
        0.00285148227092021,
        -0.0011332344449595433,
        0.026120191238298538,
        -0.0026176753817244796,
        -0.0021063229954220073
      ],
      "median": [
        0.0024088292848318815,
        -0.0014381069922819734,
        0.02546647936105728,
        -0.00256462418474257,
        -0.001785649568773806
      ],
      "std": [
        0.0010578282246147884,
        0.0029253946572036344,
        0.0018875233153330907,
        0.0005377301738179429,
        0.0018253218601037265
      ],
      "min": [
        0.0014381069922819734,
        -0.005021390505135059,
        0.02371678128838539,
        -0.0041944789700210094,
        -0.004997421987354755
      ],
      "max": [
        0.004050668329000473,
        0.004446147475391626,
        0.02901380881667137,
        -0.0019294602097943425,
        0.00016777915880084038
      ]
    },
    "head": {
      "mean": [
        -0.029919877992409052,
        0.493417115917631
      ],
      "median": [
        -0.02991262637078762,
        0.4933905601501465
      ],
      "std": [
        3.39978705440374e-05,
        0.00010751524159274412
      ],
      "min": [
        -0.029996516183018684,
        0.4932587146759033
      ],
      "max": [
        -0.02984072081744671,
        0.4936062693595886
      ]
    },
    "left_arm": {
      "mean": [
        1.6280603363255786,
        -1.1981956199475914,
        -0.8103894513503761,
        -2.163616113601976,
        -0.4006936534954484,
        0.114584140911117,
        0.034199814754834836
      ],
      "median": [
        1.638097882270813,
        -1.2624908685684204,
        -0.8008809685707092,
        -2.222641944885254,
        -0.3599112927913666,
        0.1361897736787796,
        0.048774972558021545
      ],
      "std": [
        0.09752350303062622,
        0.1694844010822529,
        0.09855704159041591,
        0.17878860156713125,
        0.16633893865916052,
        0.10352937318602753,
        0.11016281848276943
      ],
      "min": [
        1.2026628255844116,
        -1.4973580837249756,
        -1.1191346645355225,
        -2.471385955810547,
        -0.8509527444839478,
        -0.19869700074195862,
        -0.3271462321281433
      ],
      "max": [
        1.8953752517700195,
        -0.6697508692741394,
        -0.4710032641887665,
        -1.6363264322280884,
        -0.025886721909046173,
        0.29943913221359253,
        0.31209278106689453
      ]
    },
    "left_gripper": {
      "mean": [
        0.09999363205045651
      ],
      "median": [
        0.10000000149011612
      ],
      "std": [
        7.955427585030023e-05
      ],
      "min": [
        0.0989999994635582
      ],
      "max": [
        0.10000000149011612
      ]
    },
    "right_arm": {
      "mean": [
        -1.6746167605090294,
        1.3729928933131468,
        0.7534821836432074,
        2.1887345397548312,
        0.25831792327155695,
        0.08753083750997094,
        -0.011753424784746228
      ],
      "median": [
        -1.6943777799606323,
        1.4116222858428955,
        0.7481266260147095,
        2.2565345764160156,
        0.18642733991146088,
        0.03585604205727577,
        0.00460243271663785
      ],
      "std": [
        0.11741351163627377,
        0.174865998665229,
        0.11426127832444827,
        0.1991347213384958,
        0.2264413308586955,
        0.2186536098490063,
        0.10425255377478038
      ],
      "min": [
        -1.9136418104171753,
        0.9234327077865601,
        0.12801465392112732,
        1.3751901388168335,
        -0.17621541023254395,
        -0.3277222216129303,
        -0.34140560030937195
      ],
      "max": [
        -1.0776220560073853,
        1.6107521057128906,
        1.160287857055664,
        2.4999101161956787,
        0.8097506761550903,
        0.6034999489784241,
        0.21427930891513824
      ]
    },
    "right_gripper": {
      "mean": [
        0.10000000149011612
      ],
      "median": [
        0.10000000149011612
      ],
      "std": [
        0.0
      ],
      "min": [
        0.10000000149011612
      ],
      "max": [
        0.10000000149011612
      ]
    }
  }
}
