{
    "hotel": {
        "id": 1,
        "name": "垃圾站",
        "pose": [
            0.34035560488700867,
            -0.21991275250911713,
            -0.03312307223677635,
            0.006063402390240334,
            0.011393127441231209,
            -0.7401593484398675,
            0.6723076458851504
        ]
    },
    "trash_bag": {
        "id": 2,
        "name": "卧室",
        "pose": [
            0.22136326134204865,
            1.9452053308486938,
            0.0017818112391978502,
            0.0008642711869409962,
            -0.002559838169778184,
            0.6946860574868778,
            0.7193079881366524
        ]
    },
    "floor_cleaning": {
        "id": 3,
        "name": "客厅",
        "pose": [
            1.4839913845062256,
            -0.04077132046222687,
            -0.0101028922945261,
            -0.0010384007529652185,
            0.0015685286818179016,
            -0.017434208715043042,
            0.9998462430834708
        ]
    },
    "desk_cleaning": {
        "id": 4,
        "name": "餐厅",
        "pose": [
            4.849914073944092,
            -0.4569421112537384,
            -0.04835652559995651,
            -0.006090641443757879,
            0.0047637668949906935,
            -0.7231525229209531,
            0.6906450891773822
        ]
    },
    "location_1779959795": {
        "id": 5,
        "name": "酒店门口",
        "pose": [
            0.46595120429992676,
            0.5645597577095032,
            -0.022063903510570526,
            0.007339836193347319,
            -0.006462030344018104,
            0.9996014751104988,
            0.026481312758294864
        ]
    },
    "location_1779963425": {
        "id": 6,
        "name": "床边",
        "pose": [
            3.91005539894104,
            -0.1382303684949875,
            -0.0417376272380352,
            -0.0012733309843662465,
            -0.006097442178923918,
            0.28388375346635264,
            0.9588384714564462
        ]
    },
    "location_1780293925": {
        "id": 7,
        "name": "灶具",
        "pose": [
            1.267265796661377,
            0.2779254615306854,
            -0.03721865639090538,
            0.00233109263562663,
            -0.0037630659897629295,
            0.48519386099427714,
            0.8743954040335223
        ]
    },
    "location_1780293956": {
        "id": 8,
        "name": "洗衣机",
        "pose": [
            0.7360139489173889,
            2.975029468536377,
            -0.023249110206961632,
            0.0006226194538654948,
            -0.006411323044326261,
            0.9726316388225444,
            0.23226321801613026
        ]
    }
}