{
    "dining_room": {
        "id": 1,
        "name": "餐厅",
        "pose": [
            -0.33023354411125183,
            0.981037974357605,
            -0.021039849147200584,
            -0.0044022520659361755,
            0.0032946539684056042,
            0.7157462541190358,
            0.6983387896619699
        ]
    },
    "living_room": {
        "id": 2,
        "name": "客厅",
        "pose": [
            1.2740283012390137,
            0.8355620503425598,
            -0.020371170714497566,
            -0.003818136351585859,
            0.0008192482469536411,
            0.015676050515224683,
            0.9998694975382312
        ]
    },
    "bedroom": {
        "id": 3,
        "name": "卧室",
        "pose": [
            -0.0038956122007220984,
            3.378535509109497,
            -0.17516303062438965,
            -0.026674149503461746,
            -0.02141691752352557,
            0.9993966370336997,
            0.006013923660076801
        ]
    }
}