{
    "cat_1": {
        "id": 1,
        "name": "air_conditioner",
        "pose": [
            0.3917023837566376,
            -2.1985507011413574,
            0.0,
            0.0,
            0.0,
            0.3340090907785417,
            0.9425583699140034
        ]
    },
    "cat_2": {
        "id": 2,
        "name": "fridge",
        "pose": [
            -0.05,
            -1.58,
            0.0,
            0.0,
            0.0,
            0.3134196188280083,
            0.9496071970738407
        ]
    },
    "cat_3": {
        "id": 3,
        "name": "gas_stove",
        "pose": [
            -0.4014163315296173,
            -0.06828103959560394,
            0.0,
            0.0,
            0.0,
            0.5628375628050196,
            0.8265585632154311
        ]
    },
    "cat_4": {
        "id": 4,
        "name": "range_hood",
        "pose": [
            -0.4014163315296173,
            -0.06828103959560394,
            0.0,
            0.0,
            0.0,
            0.5628375628050196,
            0.8265585632154311
        ]
    },
    "cat_6": {
        "id": 6,
        "name": "washing_machine",
        "pose": [
            -0.13645689189434052,
            2.46179461479187,
            0.0,
            0.0,
            0.0,
            0.1665236257369391,
            0.9860352079874377
        ]
    },
    "cat_7": {
        "id": 7,
        "name": "machine",
        "pose": [
            -0.13645689189434052,
            2.46179461479187,
            0.0,
            0.0,
            0.0,
            0.1665236257369391,
            0.9860352079874377
        ]
    },
    "cat_5": {
        "id": 5,
        "name": "tv",
        "pose": [
            0.002147694816812873,
            4.279397010803223,
            0.0,
            0.0,
            0.0,
            -0.17063081723401013,
            0.9853218106562205
        ]
    },
    "origin": {
        "id": 0,
        "name": "origin",
        "pose": [
            0.0,
            0.0,
            0.0,
            0.0,
            0.0,
            0.0,
            1.0
        ]
    },
    "home": {
        "id": 9,
        "name": "home",
        "pose": [
            1.428497076034546,
            1.3080960512161255,
            0.0,
            0.0,
            0.0,
            0.7146172231535736,
            0.6995013448333394
        ]
    }
}